Date,SP500_Return,CPI,Unemployment,FedRate,Inflation,Returns_Lag1,Returns_Lag2,Returns_MA3,Returns_Vol3
1990-04-30,-0.02688714062127162,128.9,5.4,8.26,0.2332814930015692,0.024254986404143253,0.008539042758088922,0.001968962846986851,0.026196445401993337
1990-05-31,0.09198919079889456,129.1,5.4,8.18,0.15515903801395226,-0.02688714062127162,0.024254986404143253,0.02978567886058873,0.05963083902030169
1990-06-30,-0.008886365681221697,129.9,5.2,8.29,0.6196746707978429,0.09198919079889456,-0.02688714062127162,0.018738561498800415,0.06407220921940682
1990-07-31,-0.005223158411739148,130.5,5.5,8.15,0.4618937644341736,-0.008886365681221697,0.09198919079889456,0.025959888901977906,0.05721237893690856
1990-08-31,-0.09431418479162912,131.6,5.7,8.13,0.8429118773946254,-0.005223158411739148,-0.008886365681221697,-0.03614123629486332,0.05041253539032054
1990-09-30,-0.051184306456431905,132.5,5.9,8.2,0.6838905775075954,-0.09431418479162912,-0.005223158411739148,-0.05024054988660006,0.044553010590788214
1990-10-31,-0.006698212301042394,133.4,5.9,8.11,0.6792452830188811,-0.051184306456431905,-0.09431418479162912,-0.050732234516367804,0.04380973562630863
1990-11-30,0.05993421454178649,133.7,6.2,7.81,0.2248875562218755,-0.006698212301042394,-0.051184306456431905,0.0006838985947707302,0.05592587145647743
1990-12-31,0.024827757338752088,134.2,6.3,7.31,0.37397157816005944,0.05993421454178649,-0.006698212301042394,0.026021253193165395,0.033332242663929944
1991-01-31,0.0415177499981747,134.7,6.4,6.91,0.37257824143070994,0.024827757338752088,0.05993421454178649,0.04209324062623776,0.017560302572403538
1991-02-28,0.06728117681278034,134.8,6.6,6.25,0.07423904974017681,0.0415177499981747,0.024827757338752088,0.04454222804990238,0.021387702234543254
1991-03-31,0.022202832522042026,134.8,6.8,6.12,0.0,0.06728117681278034,0.0415177499981747,0.043667253110999026,0.022615913727342864
1991-04-30,0.0003197993624997064,135.1,6.7,5.91,0.2225519287833766,0.022202832522042026,0.06728117681278034,0.02993460289910736,0.03414369227811319
1991-05-31,0.0386049724936075,135.6,6.9,5.78,0.37009622501851247,0.0003197993624997064,0.022202832522042026,0.020375868126049745,0.01920786218187468
1991-06-30,-0.04789262897479862,136.0,6.9,5.9,0.2949852507374784,0.0386049724936075,0.0003197993624997064,-0.002989285706230471,0.043343641955203446
1991-07-31,0.04485934295776639,136.2,6.8,5.82,0.14705882352941124,-0.04789262897479862,0.0386049724936075,0.01185722882552509,0.051839303793983514
1991-08-31,0.019648784624321625,136.6,6.9,5.66,0.2936857562408246,0.04485934295776639,-0.04789262897479862,0.005538499535763131,0.04795891140658979
1991-09-30,-0.019143735843086374,137.0,6.9,5.45,0.2928257686676483,0.019648784624321625,0.04485934295776639,0.015121463913000547,0.03224082813164714
1991-10-31,0.011834236654519215,137.2,7.0,5.21,0.14598540145984717,-0.019143735843086374,0.019648784624321625,0.0041130951452514886,0.020516503861724822
1991-11-30,-0.04390370862630699,137.8,7.0,4.81,0.4373177842565745,0.011834236654519215,-0.019143735843086374,-0.017071069271624717,0.0279267183190119
1991-12-31,0.11158785507428148,138.2,7.3,4.43,0.2902757619738683,-0.04390370862630699,0.011834236654519215,0.026506127700831234,0.07877724852817392
1992-01-31,-0.019923751783923582,138.3,7.3,4.03,0.07235890014474222,0.11158785507428148,-0.04390370862630699,0.015920131554683636,0.08371376574439418
1992-02-29,0.00958954312696414,138.6,7.4,4.06,0.2169197396963085,-0.019923751783923582,0.11158785507428148,0.03375121547244068,0.06900482224094484
1992-03-31,-0.02183186212532784,139.1,7.4,3.98,0.3607503607503615,0.00958954312696414,-0.019923751783923582,-0.010722023594095761,0.017616186541553093
1992-04-30,0.027892713957560433,139.4,7.4,3.73,0.21567217828901697,-0.02183186212532784,0.00958954312696414,0.005216798319732245,0.025149036552472886
1992-05-31,0.0009639568254424802,139.7,7.6,3.82,0.21520803443326741,0.027892713957560433,-0.02183186212532784,0.0023416028858916915,0.024890897897758547
1992-06-30,-0.017358833150663777,140.1,7.8,3.76,0.28632784538296097,0.0009639568254424802,0.027892713957560433,0.0038326125441130454,0.022761755603339474
1992-07-31,0.039373686063305824,140.5,7.7,3.25,0.2855103497501732,-0.017358833150663777,0.0009639568254424802,0.007659603246028175,0.02895286591743527
1992-08-31,-0.02399753160189122,140.8,7.6,3.3,0.2135231316725994,0.039373686063305824,-0.017358833150663777,-0.000660892896416391,0.0348294948806792
1992-09-30,0.009105593857418715,141.1,7.6,3.22,0.21306818181816567,-0.02399753160189122,0.039373686063305824,0.008160582772944439,0.03169617629233503
1992-10-31,0.002106282691536565,141.7,7.3,3.1,0.425230333097093,0.009105593857418715,-0.02399753160189122,-0.004261885017645313,0.01744618579440518
1992-11-30,0.03026180770368403,142.1,7.4,3.09,0.2822865208186309,0.002106282691536565,0.009105593857418715,0.013824561417546436,0.014658952496770348
1992-12-31,0.010107766987062838,142.3,7.4,2.92,0.14074595355384467,0.03026180770368403,0.002106282691536565,0.01415861912742781,0.014508288991977685
1993-01-31,0.007045987892006611,142.8,7.3,3.02,0.35137034434293835,0.010107766987062838,0.03026180770368403,0.015805187527584492,0.012613049710269829
1993-02-28,0.010483627595407663,143.1,7.1,3.03,0.21008403361342243,0.007045987892006611,0.010107766987062838,0.009212460824825705,0.0018856090596159488
1993-03-31,0.01869729905188877,143.3,7.0,3.07,0.13976240391335715,0.010483627595407663,0.007045987892006611,0.012075638179767681,0.005986579675543904
1993-04-30,-0.025416810160156622,143.8,7.1,2.96,0.34891835310537633,0.01869729905188877,0.010483627595407663,0.0012547054957132708,0.023460464834157466
1993-05-31,0.02271746278774489,144.2,7.1,3.0,0.2781641168289051,-0.025416810160156622,0.01869729905188877,0.00533265055982568,0.02670556927015553
1993-06-30,0.0007552285391652092,144.3,7.0,3.04,0.06934812760057696,0.02271746278774489,-0.025416810160156622,-0.000648039611082174,0.024097799260137765
1993-07-31,-0.00532704570835929,144.5,6.9,3.06,0.1386001386001201,0.0007552285391652092,0.02271746278774489,0.006048548539516936,0.014752560512216472
1993-08-31,0.03443195614588723,144.8,6.8,3.03,0.20761245674740803,-0.00532704570835929,0.0007552285391652092,0.009953379658897718,0.021416093134079637
1993-09-30,-0.009987930164805148,145.0,6.7,3.09,0.13812154696131174,0.03443195614588723,-0.00532704570835929,0.006372326757574265,0.024411842659582118
1993-10-31,0.019392922751884534,145.6,6.8,2.99,0.4137931034482678,-0.009987930164805148,0.03443195614588723,0.014612316244322207,0.02259252584149945
1993-11-30,-0.01291062608362914,146.0,6.6,3.02,0.27472527472527375,0.019392922751884534,-0.009987930164805148,-0.0011685444988499178,0.017866616621110665
1993-12-31,0.010091174724184304,146.3,6.5,2.96,0.205479452054802,-0.01291062608362914,0.019392922751884534,0.005524490464146566,0.01662891369543611
1994-01-31,0.032500745519977725,146.3,6.6,3.05,0.0,0.010091174724184304,-0.01291062608362914,0.00989376472017763,0.02270632942072497
1994-02-28,-0.030044997286678532,146.7,6.6,3.25,0.2734107997265811,0.032500745519977725,0.010091174724184304,0.004182307652494499,0.031688775905078355
1994-03-31,-0.04574651060635082,147.1,6.5,3.34,0.27266530334015826,-0.030044997286678532,0.032500745519977725,-0.014430254124350542,0.04139472702946498
1994-04-30,0.011530643100964522,147.2,6.4,3.56,0.06798096532969478,-0.04574651060635082,-0.030044997286678532,-0.02142028826402161,0.029596575621125224
1994-05-31,0.012397144202814125,147.5,6.1,4.01,0.20380434782609758,0.011530643100964522,-0.04574651060635082,-0.007272907767524058,0.033321934106376724
1994-06-30,-0.026790823628320082,147.9,6.1,4.25,0.2711864406779618,0.012397144202814125,0.011530643100964522,-0.0009543454415138116,0.02237924060067422
1994-07-31,0.03148990725890011,148.4,6.1,4.26,0.33806626098715764,-0.026790823628320082,0.012397144202814125,0.005698742611131384,0.029712158051877352
1994-08-31,0.03759869964992624,149.0,6.0,4.47,0.40431266846361336,0.03148990725890011,-0.026790823628320082,0.014099261093502088,0.035543334220884674
1994-09-30,-0.026877534841474704,149.3,5.9,4.73,0.2013422818792021,0.03759869964992624,0.03148990725890011,0.01407035735578388,0.035593212030777706
1994-10-31,0.020833815622011143,149.4,5.8,4.76,0.06697923643670389,-0.026877534841474704,0.03759869964992624,0.010518326810154225,0.033452999650527455
1994-11-30,-0.03950461187888721,149.8,5.6,5.29,0.2677376171352108,0.020833815622011143,-0.026877534841474704,-0.01518277703278359,0.031823842924342906
1994-12-31,0.012299117331743048,150.1,5.5,5.45,0.20026702269690944,-0.03950461187888721,0.020833815622011143,-0.002123892975044339,0.032652700930437054
1995-01-31,0.024277711761677034,150.5,5.6,5.53,0.26648900732844094,0.012299117331743048,-0.03950461187888721,-0.0009759275951557086,0.03390009315040014
1995-02-28,0.03607414807259257,150.9,5.4,5.92,0.2657807308970028,0.024277711761677034,0.012299117331743048,0.024216992388670883,0.01188763167387765
1995-03-31,0.027329195113380722,151.2,5.4,5.98,0.1988071570576455,0.03607414807259257,0.024277711761677034,0.02922701831588344,0.006122930433243563
1995-04-30,0.027960357804911462,151.8,5.8,6.05,0.3968253968254176,0.027329195113380722,0.03607414807259257,0.030454566996961585,0.004876921178877897
1995-05-31,0.03631171269946476,152.1,5.6,6.01,0.19762845849802257,0.027960357804911462,0.027329195113380722,0.030533755205918982,0.005013799575542654
1995-06-30,0.021278543431649366,152.4,5.6,6.0,0.19723865877712132,0.03631171269946476,0.027960357804911462,0.02851687131200853,0.007532019982805658
1995-07-31,0.03177603957520647,152.6,5.7,5.85,0.1312335958005173,0.021278543431649366,0.03631171269946476,0.0297887652354402,0.007711095190361592
1995-08-31,-0.0003202374774278205,152.9,5.7,5.74,0.1965923984272644,0.03177603957520647,0.021278543431649366,0.017578115176476006,0.016364981732761862
1995-09-30,0.04009747288732535,153.1,5.6,5.8,0.1308044473512071,-0.0003202374774278205,0.03177603957520647,0.023851091661701334,0.02134247940976157
1995-10-31,-0.004979335189770229,153.5,5.5,5.76,0.2612671456564408,0.04009747288732535,-0.0003202374774278205,0.011599300073375765,0.024789840422511613
1995-11-30,0.04104900278106194,153.7,5.6,5.8,0.13029315960910726,-0.004979335189770229,0.04009747288732535,0.025389046826205686,0.026304093255344427
1995-12-31,0.01744387340596476,153.9,5.6,5.6,0.13012361743658385,0.04104900278106194,-0.004979335189770229,0.01783784699908549,0.023016697970893778
1996-01-31,0.03261738686923121,154.7,5.6,5.56,0.5198180636777128,0.01744387340596476,0.04104900278106194,0.030370087685419305,0.011961952115768582
1996-02-29,0.006933701784703983,155.0,5.5,5.22,0.19392372333548735,0.03261738686923121,0.01744387340596476,0.01899832068663332,0.012912209324572453
1996-03-31,0.007916567590839696,155.5,5.5,5.31,0.3225806451612856,0.006933701784703983,0.03261738686923121,0.01582255208159163,0.014553053389454054
1996-04-30,0.01343142201418468,156.1,5.6,5.22,0.38585209003214604,0.007916567590839696,0.006933701784703983,0.009427230463242786,0.0035023804448824068
1996-05-31,0.022853405991703157,156.4,5.6,5.24,0.19218449711724261,0.01343142201418468,0.007916567590839696,0.014733798532242512,0.007553106897129791
1996-06-30,0.0022567099722681228,156.7,5.3,5.27,0.19181585677747748,0.022853405991703157,0.01343142201418468,0.012847179326051986,0.010310769921214961
1996-07-31,-0.045748016719207696,157.0,5.5,5.4,0.19144862795150708,0.0022567099722681228,0.022853405991703157,-0.006879300251745472,0.03520140354588481
1996-08-31,0.01881393514756069,157.2,5.1,5.22,0.1273885350318471,-0.045748016719207696,0.0022567099722681228,-0.008225790533126295,0.03353317044130971
1996-09-30,0.05420332732833044,157.7,5.2,5.3,0.31806615776082126,0.01881393514756069,-0.045748016719207696,0.009089748585561145,0.05068024908627389
1996-10-31,0.026101002422918018,158.2,5.2,5.24,0.3170577045022105,0.05420332732833044,0.01881393514756069,0.03303942163293638,0.018687121650525693
1996-11-30,0.07337615178140577,158.7,5.4,5.31,0.3160556257901348,0.026101002422918018,0.05420332732833044,0.051226827177551414,0.023777712286456865
1996-12-31,-0.021505414489508046,159.1,5.4,5.29,0.2520478890989386,0.07337615178140577,0.026101002422918018,0.025990579904938582,0.04744087951708749
1997-01-31,0.061317039054128886,159.4,5.3,5.25,0.18856065367693908,-0.021505414489508046,0.07337615178140577,0.03772925878200887,0.051651867711921255
1997-02-28,0.0059275902346540565,159.7,5.2,5.19,0.18820577164364583,0.061317039054128886,-0.021505414489508046,0.015246404933091632,0.04219028245087769
1997-03-31,-0.04261401064074877,159.8,5.2,5.39,0.06261740763933155,0.0059275902346540565,0.061317039054128886,0.008210206216011392,0.05200311071905742
1997-04-30,0.05840557906734034,159.9,5.1,5.51,0.06257822277846437,-0.04261401064074877,0.0059275902346540565,0.007239719553748543,0.050522575535201966
1997-05-31,0.05857688480332501,159.9,4.9,5.5,0.0,0.05840557906734034,-0.04261401064074877,0.024789484409972196,0.05837320185841462
1997-06-30,0.043452614795275846,160.2,5.0,5.56,0.18761726078797558,0.05857688480332501,0.05840557906734034,0.053478359555313736,0.008682972124155652
1997-07-31,0.07814580943742477,160.4,4.9,5.52,0.12484394506866447,0.043452614795275846,0.05857688480332501,0.06005843634534188,0.017393984156835518
1997-08-31,-0.057465631708528364,160.8,4.8,5.54,0.24937655860348684,0.07814580943742477,0.043452614795275846,0.021377597508057417,0.07044924083050025
1997-09-30,0.053153590615567126,161.2,4.9,5.54,0.24875621890545485,-0.057465631708528364,0.07814580943742477,0.02461125611482118,0.07217073081578801
1997-10-31,-0.03447769737522033,161.5,4.7,5.5,0.18610421836229296,0.053153590615567126,-0.057465631708528364,-0.012929912822727188,0.058372796328747326
1997-11-30,0.04458685521263939,161.7,4.6,5.52,0.12383900928791824,-0.03447769737522033,0.053153590615567126,0.02108758281766206,0.04831120481887293
1997-12-31,0.01573159710869443,161.8,4.7,5.5,0.06184291898578831,0.04458685521263939,-0.03447769737522033,0.008613584982037828,0.04001000426713341
1998-01-31,0.010150177442407982,162.0,4.6,5.56,0.12360939431395046,0.01573159710869443,0.04458685521263939,0.023489543254580598,0.018482707871536046
1998-02-28,0.07044919253631243,162.0,4.6,5.51,0.0,0.010150177442407982,0.01573159710869443,0.03211032236247161,0.03331951059106012
1998-03-31,0.049945714341220526,162.0,4.7,5.49,0.0,0.07044919253631243,0.010150177442407982,0.04351502810664698,0.030659551520030068
1998-04-30,0.009076469253460395,162.2,4.3,5.45,0.12345679012344402,0.049945714341220526,0.07044919253631243,0.043157125376997785,0.0312444634436608
1998-05-31,-0.018826223261468433,162.6,4.4,5.49,0.2466091245376223,0.009076469253460395,0.049945714341220526,0.013398653444404163,0.034589099548013265
1998-06-30,0.03943824063504042,162.8,4.5,5.56,0.12300123001232066,-0.018826223261468433,0.009076469253460395,0.009896162209010795,0.029140879545630275
1998-07-31,-0.011615326917385427,163.2,4.5,5.54,0.24570024570023108,0.03943824063504042,-0.018826223261468433,0.0029988968187288543,0.03176269179153121
1998-08-31,-0.14579671825011387,163.4,4.5,5.55,0.1225490196078427,-0.011615326917385427,0.03943824063504042,-0.03932460151081962,0.09567575671070995
1998-09-30,0.06239551504341101,163.5,4.6,5.51,0.0611995104039087,-0.14579671825011387,-0.011615326917385427,-0.03167217670802943,0.1055353467733902
1998-10-31,0.08029422856762891,163.9,4.5,5.07,0.24464831804280607,0.06239551504341101,-0.14579671825011387,-0.0010356582130246483,0.12568577629848104
1998-11-30,0.05912599628568138,164.1,4.4,4.83,0.12202562538132788,0.08029422856762891,0.06239551504341101,0.0672719132989071,0.011395523658229692
1998-12-31,0.056375287084956094,164.4,4.4,4.68,0.1828153564899626,0.05912599628568138,0.08029422856762891,0.06526517064608879,0.013088011185183636
1999-01-31,0.04100944085374847,164.7,4.3,4.63,0.18248175182480342,0.056375287084956094,0.05912599628568138,0.05217024140812865,0.009762899263934217
1999-02-28,-0.032282562377591306,164.7,4.4,4.76,0.0,0.04100944085374847,0.056375287084956094,0.02170072185370442,0.04737798581512228
1999-03-31,0.0387942154089167,164.8,4.2,4.81,0.06071645415908211,-0.032282562377591306,0.04100944085374847,0.015840364628357955,0.04169039318185667
1999-04-30,0.03794402759627746,165.9,4.3,4.74,0.6674757281553312,0.0387942154089167,-0.032282562377591306,0.014818560209200951,0.040792983667920356
1999-05-31,-0.024970480796175143,166.0,4.2,4.74,0.06027727546713546,0.03794402759627746,0.0387942154089167,0.017255920736339674,0.036571607082791294
1999-06-30,0.054438331114324834,166.0,4.3,4.76,0.0,-0.024970480796175143,0.03794402759627746,0.022470625971475717,0.04190476668162115
1999-07-31,-0.032046092391091685,166.7,4.3,4.99,0.42168674698794817,0.054438331114324834,-0.024970480796175143,-0.000859414024313998,0.048019751487527775
1999-08-31,-0.006254091687235008,167.1,4.2,5.07,0.23995200959807672,-0.032046092391091685,0.054438331114324834,0.005379382345332713,0.044400362226178804
1999-09-30,-0.028551792448024638,167.8,4.2,5.22,0.418910831837227,-0.006254091687235008,-0.032046092391091685,-0.022283992175450445,0.013991812436907702
1999-10-31,0.0625395414523846,168.1,4.1,5.2,0.17878426698449967,-0.028551792448024638,-0.006254091687235008,0.009244552439041653,0.04748224673763546
1999-11-30,0.019061858969220413,168.4,4.1,5.42,0.17846519928614857,0.0625395414523846,-0.028551792448024638,0.017683202657860126,0.04556131360987745
1999-12-31,0.05784389473992291,168.8,4.0,5.3,0.23752969121140222,0.019061858969220413,0.0625395414523846,0.04648176505384264,0.023862118761316862
2000-01-31,-0.05090354879190062,169.3,4.0,5.45,0.2962085308056972,0.05784389473992291,0.019061858969220413,0.0086674016390809,0.05511383833546579
2000-02-29,-0.020108083256356934,170.0,4.1,5.73,0.41346721795627595,-0.05090354879190062,0.05784389473992291,-0.004389245769444883,0.056051877824313395
2000-03-31,0.09671982835364812,171.0,4.0,5.85,0.588235294117645,-0.020108083256356934,-0.05090354879190062,0.008569398768463521,0.0778778778051069
2000-04-30,-0.030795755780191336,170.9,3.8,6.02,-0.05847953216373547,0.09671982835364812,-0.020108083256356934,0.015271996439033283,0.07073802781169192
2000-05-31,-0.021915050603417807,171.2,4.0,6.27,0.17554125219425565,-0.030795755780191336,0.09671982835364812,0.014669673990012991,0.07119612071195637
2000-06-30,0.023933549615877237,172.2,4.0,6.53,0.5841121495327117,-0.021915050603417807,-0.030795755780191336,-0.009592418922577303,0.029371919514057692
2000-07-31,-0.016341275904170893,172.7,4.0,6.54,0.29036004645761615,0.023933549615877237,-0.021915050603417807,-0.004774258963903821,0.025017402866594915
2000-08-31,0.06069910494167097,172.7,4.1,6.5,0.0,-0.016341275904170893,0.023933549615877237,0.022763792884459105,0.03853350903208942
2000-09-30,-0.053482974719764265,173.6,3.9,6.52,0.5211349160393786,0.06069910494167097,-0.016341275904170893,-0.0030417152274213968,0.05824127028661462
2000-10-31,-0.00494948542177065,173.9,3.9,6.51,0.1728110599078514,-0.053482974719764265,0.06069910494167097,0.0007555482667120176,0.057304427280905915
2000-11-30,-0.08006861010730892,174.2,3.9,6.51,0.17251293847038163,-0.00494948542177065,-0.053482974719764265,-0.04616702341628128,0.038090196651980865
2000-12-31,0.004053445623728669,174.6,3.9,6.4,0.22962112514350874,-0.08006861010730892,-0.00494948542177065,-0.02698821663511697,0.046188844110072215
2001-01-31,0.03463657667616449,175.6,4.2,5.98,0.572737686139746,0.004053445623728669,-0.08006861010730892,-0.013792862602471923,0.059398552227611624
2001-02-28,-0.09229073539585964,176.0,4.2,5.49,0.2277904328018332,0.03463657667616449,0.004053445623728669,-0.01786690436532216,0.06624207080994012
2001-03-31,-0.06420471080339152,176.1,4.3,5.31,0.05681818181817455,-0.09229073539585964,0.03463657667616449,-0.04061962317436222,0.06666954256861979
2001-04-30,0.07681436165439459,176.4,4.4,4.8,0.17035775127769437,-0.06420471080339152,-0.09229073539585964,-0.026560361514952186,0.09061984460981216
2001-05-31,0.005090187401275648,177.3,4.3,4.21,0.5102040816326481,0.07681436165439459,-0.06420471080339152,0.005899946084092907,0.0705130234854306
2001-06-30,-0.02503538942756467,177.7,4.5,3.97,0.2256063169768563,0.005090187401275648,0.07681436165439459,0.018956386542701858,0.05232156876314526
2001-07-31,-0.010740149595403703,177.4,4.6,3.77,-0.16882386043892694,-0.02503538942756467,0.005090187401275648,-0.010228450540564241,0.015069305616372729
2001-08-31,-0.06410840688075747,177.4,4.9,3.65,0.0,-0.010740149595403703,-0.02503538942756467,-0.033294648634575284,0.02762615144035419
2001-09-30,-0.08172340570563885,178.1,5.0,3.07,0.3945885005636862,-0.06410840688075747,-0.010740149595403703,-0.05219065406060001,0.03696187611870645
2001-10-31,0.018099111333141016,177.6,5.3,2.49,-0.28074115665356336,-0.08172340570563885,-0.06410840688075747,-0.042577567084418434,0.05328054545273632
2001-11-30,0.0751759041240454,177.5,5.5,2.09,-0.05630630630630851,0.018099111333141016,-0.08172340570563885,0.003850536583849188,0.07941419752190057
2001-12-31,0.0075738340889277556,177.4,5.7,1.82,-0.05633802816901179,0.0751759041240454,0.018099111333141016,0.033616283182038055,0.0363743994438313
2002-01-31,-0.015573832456979853,177.7,5.7,1.73,0.16910935738443378,0.0075738340889277556,0.0751759041240454,0.0223919685853311,0.04715465517683804
2002-02-28,-0.020766211039727644,178.0,5.7,1.74,0.16882386043894915,-0.015573832456979853,0.0075738340889277556,-0.009588736469259914,0.015088259341628251
2002-03-31,0.03673889286207466,178.5,5.7,1.73,0.2808988764045006,-0.020766211039727644,-0.015573832456979853,0.00013294978845571995,0.031807805646860116
2002-04-30,-0.061417625919219065,179.3,5.9,1.75,0.4481792717086819,0.03673889286207466,-0.020766211039727644,-0.015148314698957352,0.04931882109587939
2002-05-31,-0.009081481352177012,179.5,5.8,1.75,0.1115448968209698,-0.061417625919219065,0.03673889286207466,-0.01125340480310714,0.04911429001241036
2002-06-30,-0.0724553538081798,179.6,5.8,1.75,0.055710306406675514,-0.009081481352177012,-0.061417625919219065,-0.047651487026525295,0.03385545543228068
2002-07-31,-0.07900427514940767,180.0,5.8,1.73,0.22271714922048602,-0.0724553538081798,-0.009081481352177012,-0.05351370343658816,0.038618504142473434
2002-08-31,0.004881433306494376,180.5,5.7,1.74,0.2777777777777768,-0.07900427514940767,-0.0724553538081798,-0.048859398550364364,0.046655973349441375
2002-09-30,-0.11002431825242787,180.8,5.7,1.75,0.16620498614958734,0.004881433306494376,-0.07900427514940767,-0.061382386698447054,0.05944519450522288
2002-10-31,0.08644880033371405,181.2,5.7,1.75,0.22123893805308104,-0.11002431825242787,0.004881433306494376,-0.006231361537406481,0.0987068500088673
2002-11-30,0.05706962070498589,181.5,5.9,1.34,0.16556291390728006,0.08644880033371405,-0.11002431825242787,0.011164700928757357,0.10597578886938061
2002-12-31,-0.06033257188502883,181.8,6.0,1.24,0.16528925619836432,0.05706962070498589,0.08644880033371405,0.027728616384557037,0.07766507392968128
2003-01-31,-0.02741469268304464,182.6,5.8,1.24,0.44004400440043057,-0.06033257188502883,0.05706962070498589,-0.01022588128769586,0.06055914575127683
2003-02-28,-0.01700360825687175,183.6,5.9,1.26,0.5476451259583737,-0.02741469268304464,-0.06033257188502883,-0.03491695760831507,0.022617753127339126
2003-03-31,0.008357567684332823,183.9,5.9,1.25,0.16339869281045694,-0.01700360825687175,-0.02741469268304464,-0.012020244418527856,0.01839943176586861
2003-04-30,0.0810441071800323,183.2,6.0,1.26,-0.38064165307233333,0.008357567684332823,-0.01700360825687175,0.02413268886916446,0.050891840818505715
2003-05-31,0.050898709609522585,182.9,6.1,1.26,-0.16375545851528006,0.0810441071800323,0.008357567684332823,0.04676679482462923,0.03651900595316342
2003-06-30,0.011322214676852127,183.1,6.3,1.22,0.10934937124111865,0.050898709609522585,0.0810441071800323,0.04775501048880234,0.03496709462734166
2003-07-31,0.016223701958536507,183.7,6.2,1.01,0.3276897870016393,0.011322214676852127,0.050898709609522585,0.02614820874830374,0.02157421178291407
2003-08-31,0.017873203593487874,184.5,6.1,1.03,0.4354926510615087,0.016223701958536507,0.011322214676852127,0.015139706742958836,0.003407366749709078
2003-09-30,-0.011944364585525724,185.1,6.1,1.01,0.3252032520325132,0.017873203593487874,0.016223701958536507,0.007384180322166219,0.01675931681475804
2003-10-31,0.05496148663571665,184.9,6.0,1.01,-0.10804970286331095,-0.011944364585525724,0.017873203593487874,0.0202967752145596,0.03351870383027374
2003-11-30,0.0071285040713728876,185.0,5.8,1.0,0.05408328826392861,0.05496148663571665,-0.011944364585525724,0.01671520870718794,0.03446776626415655
2003-12-31,0.05076554077889206,185.5,5.7,0.98,0.2702702702702675,0.0071285040713728876,0.05496148663571665,0.0376185104953272,0.026488334398522197
2004-01-31,0.017276386950755285,186.3,5.7,1.0,0.43126684636118906,0.05076554077889206,0.0071285040713728876,0.02505681060034008,0.022835257547893163
2004-02-29,0.01220897373761054,186.7,5.6,1.01,0.21470746108425143,0.017276386950755285,0.05076554077889206,0.02675030048908596,0.020951574971849653
2004-03-31,-0.01635891961786684,187.1,5.8,1.0,0.2142474558114671,0.01220897373761054,0.017276386950755285,0.004375480356832995,0.018134392074214134
2004-04-30,-0.016790751960348183,187.4,5.6,1.0,0.16034206306787535,-0.01635891961786684,0.01220897373761054,-0.006980232613534827,0.01661974278029419
2004-05-31,0.01208345009735412,188.2,5.6,1.0,0.4268943436499306,-0.016790751960348183,-0.01635891961786684,-0.007022073826953634,0.016547277815693266
2004-06-30,0.017988998771432563,188.9,5.6,1.03,0.37194473963868546,0.01208345009735412,-0.016790751960348183,0.0044272323028128335,0.018611045602794495
2004-07-31,-0.034290519520026264,189.1,5.5,1.26,0.10587612493382359,0.017988998771432563,0.01208345009735412,-0.0014060235504131935,0.02863147625720877
2004-08-31,0.0022873503233691306,189.2,5.4,1.43,0.052882072977267214,-0.034290519520026264,0.017988998771432563,-0.004671390141741523,0.026825455445198498
2004-09-30,0.009363875526838816,189.8,5.4,1.61,0.3171247357294016,0.0022873503233691306,-0.034290519520026264,-0.007546431223272772,0.023429767313339993
2004-10-31,0.014014243690939843,190.8,5.5,1.76,0.5268703898840821,0.009363875526838816,0.0022873503233691306,0.00855515651371593,0.005905127165882218
2004-11-30,0.03859493629597055,191.7,5.4,1.93,0.4716981132075304,0.014014243690939843,0.009363875526838816,0.020657685171249735,0.015707170797088173
2004-12-31,0.03245821284320516,191.7,5.4,2.16,0.0,0.03859493629597055,0.014014243690939843,0.028355797610038518,0.012793551902999606
2005-01-31,-0.025290467442294018,191.6,5.3,2.28,-0.052164840897228615,0.03245821284320516,0.03859493629597055,0.015254227232293896,0.03524654654537951
2005-02-28,0.018903346132113308,192.4,5.4,2.5,0.41753653444676075,-0.025290467442294018,0.03245821284320516,0.008690363844341483,0.03019861377757202
2005-03-31,-0.01911765556028966,193.1,5.2,2.63,0.36382536382535413,0.018903346132113308,-0.025290467442294018,-0.00850159229015679,0.023933217273884737
2005-04-30,-0.020108582083263493,193.7,5.2,2.79,0.31071983428274663,-0.01911765556028966,0.018903346132113308,-0.006774297170479948,0.022243010318410174
2005-05-31,0.02995204663120865,193.6,5.1,3.0,-0.05162622612286949,-0.020108582083263493,-0.01911765556028966,-0.003091397004114834,0.028620750502111082
2005-06-30,-0.00014271417986777557,193.7,5.0,3.04,0.05165289256197081,0.02995204663120865,-0.020108582083263493,0.003233583456025794,0.025200519362042345
2005-07-31,0.03596828690361842,194.9,5.0,3.26,0.6195147134744561,-0.00014271417986777557,0.02995204663120865,0.021925873118319766,0.019347240003606173
2005-08-31,-0.011222104598600069,196.1,4.9,3.5,0.6157003591585442,0.03596828690361842,-0.00014271417986777557,0.008201156041716859,0.024676879669827696
2005-09-30,0.00694902431673361,198.8,5.0,3.62,1.37684854665987,-0.011222104598600069,0.03596828690361842,0.010565068873917319,0.023802102768722418
2005-10-31,-0.01774077993231349,199.1,5.0,3.78,0.15090543259557165,0.00694902431673361,-0.011222104598600069,-0.007337953404726649,0.01279498266261922
2005-11-30,0.035186096519093324,198.1,5.0,4.0,-0.5022601707684538,-0.01774077993231349,0.00694902431673361,0.008131446967837816,0.02648324291358613
2005-12-31,-0.0009523493171964548,198.1,4.9,4.16,0.0,0.035186096519093324,-0.01774077993231349,0.005497655756527793,0.027046542973436154
2006-01-31,0.025466771341108085,199.3,4.7,4.29,0.6057546693589266,-0.0009523493171964548,0.035186096519093324,0.019900172847668318,0.018701258806721854
2006-02-28,0.0004531577283561905,199.4,4.8,4.49,0.050175614651282174,0.025466771341108085,-0.0009523493171964548,0.008322526584089274,0.014863973517542555
2006-03-31,0.011095810408889628,199.7,4.7,4.59,0.15045135406217547,0.0004531577283561905,0.025466771341108085,0.012338579826117968,0.012553030445287555
2006-04-30,0.01215565291784415,200.7,4.7,4.79,0.5007511266900355,0.011095810408889628,0.0004531577283561905,0.007901540351696656,0.006472219040925113
2006-05-31,-0.030916916538203165,201.3,4.6,4.94,0.2989536621823774,0.01215565291784415,0.011095810408889628,-0.0025551510704897953,0.024567725207477777
2006-06-30,8.659650459597046e-05,201.8,4.6,4.99,0.24838549428713996,-0.030916916538203165,0.01215565291784415,-0.006224889038587682,0.022219084076709285
2006-07-31,0.0050858788034533475,202.9,4.7,5.24,0.5450941526263575,8.659650459597046e-05,-0.030916916538203165,-0.008581480410051282,0.019503896691481695
2006-08-31,0.02127419311502643,203.8,4.7,5.25,0.44356826022671214,0.0050858788034533475,8.659650459597046e-05,0.00881555614102525,0.01107526217808796
2006-09-30,0.024566297967782313,202.8,4.5,5.25,-0.4906771344455385,0.02127419311502643,0.0050858788034533475,0.01697545662875403,0.010427417428985052
2006-10-31,0.03150800358539563,201.9,4.4,5.25,-0.4437869822485285,0.024566297967782313,0.02127419311502643,0.025782831556068125,0.005224240104018385
2006-11-30,0.016466656343095964,202.0,4.5,5.25,0.04952947003467045,0.03150800358539563,0.024566297967782313,0.02418031929875797,0.007528098456155401
2006-12-31,0.012615782814670462,203.1,4.4,5.24,0.544554455445545,0.016466656343095964,0.03150800358539563,0.020196814247720685,0.009983213906730399
2007-01-31,0.014059043023177953,203.437,4.6,5.25,0.1659281142294633,0.012615782814670462,0.016466656343095964,0.014380494060314794,0.001945457480888467
2007-02-28,-0.021846175991944383,204.226,4.5,5.26,0.3878350545869269,0.014059043023177953,0.012615782814670462,0.0016095499486346772,0.020326068472703667
2007-03-31,0.009979982939206433,205.288,4.4,5.26,0.5200121434097538,-0.021846175991944383,0.014059043023177953,0.0007309499901466676,0.019658449735433826
2007-04-30,0.043290690426759815,205.904,4.5,5.25,0.3000662483924943,0.009979982939206433,-0.021846175991944383,0.010474832458007288,0.03257125264319332
2007-05-31,0.032549228707361655,206.755,4.4,5.25,0.41329940166290324,0.043290690426759815,0.009979982939206433,0.028606634024442634,0.017001730734124552
2007-06-30,-0.01781632254788501,207.234,4.6,5.25,0.23167517109623503,0.032549228707361655,0.043290690426759815,0.01934119886207882,0.032624466247990466
2007-07-31,-0.03198187836198829,207.603,4.7,5.26,0.17805958481715844,-0.01781632254788501,0.032549228707361655,-0.005749657400837216,0.033915619568676884
2007-08-31,0.012863572018857905,207.667,4.6,5.02,0.030828070885302594,-0.03198187836198829,-0.01781632254788501,-0.012311542963671799,0.02292390790568488
2007-09-30,0.03579400817860079,208.547,4.7,4.94,0.42375533907650365,0.012863572018857905,-0.03198187836198829,0.005558567278490134,0.03447339582610486
2007-10-31,0.014822338223554832,209.19,4.7,4.76,0.3083237831280172,0.03579400817860079,0.012863572018857905,0.021159972807004507,0.012711232619381103
2007-11-30,-0.04404341737941575,210.834,4.7,4.49,0.7858884267890387,0.014822338223554832,0.03579400817860079,0.00219097634091329,0.041390422892145624
2007-12-31,-0.008628508561297932,211.445,5.0,4.24,0.2898014551732553,-0.04404341737941575,0.014822338223554832,-0.01261652923905295,0.029634819509688697
2008-01-31,-0.06116343227776988,212.174,5.0,3.94,0.3447705076970342,-0.008628508561297932,-0.04404341737941575,-0.03794511940616119,0.026793123765284352
2008-02-29,-0.03476119273728817,212.687,4.9,2.98,0.24178268779397882,-0.06116343227776988,-0.008628508561297932,-0.03485104452545199,0.02626757711479632
2008-03-31,-0.005959623397817415,213.448,5.1,2.61,0.3578027806118822,-0.03476119273728817,-0.06116343227776988,-0.033961416137625156,0.02761059326908095
2008-04-30,0.047546697641229096,213.942,5.0,2.28,0.2314381020201539,-0.005959623397817415,-0.03476119273728817,0.0022752938353745034,0.04176730301346559
2008-05-31,0.01067418170406853,215.208,5.4,1.98,0.5917491656617146,0.047546697641229096,-0.005959623397817415,0.01742041864916007,0.0273836699964207
2008-06-30,-0.08596238482631446,217.463,5.6,2.0,1.04782350098509,0.01067418170406853,0.047546697641229096,-0.009247168493672278,0.06894790729679266
2008-07-31,-0.009859371185302779,219.016,5.8,2.01,0.7141444751521009,-0.08596238482631446,0.01067418170406853,-0.028382524769182904,0.05091155970616402
2008-08-31,0.012190464669121548,218.69,6.1,2.0,-0.14884757278006422,-0.009859371185302779,-0.08596238482631446,-0.027877097114165233,0.05149732324843827
2008-09-30,-0.09079143354379215,218.877,6.1,1.81,0.08550916822900323,0.012190464669121548,-0.009859371185302779,-0.029486780019991127,0.05422401887592565
2008-10-31,-0.16942452401777075,216.995,6.5,0.97,-0.8598436564828615,-0.09079143354379215,0.012190464669121548,-0.08267516429748045,0.0910791216404396
2008-11-30,-0.0748490423387097,213.153,6.8,0.39,-1.7705477084725474,-0.16942452401777075,-0.09079143354379215,-0.11168833330009087,0.050632408082918835
2008-12-31,0.007821576633499472,211.398,7.3,0.16,-0.8233522399403226,-0.0748490423387097,-0.16942452401777075,-0.07881732990766033,0.08868965852168159
2009-01-31,-0.08565734305805428,211.933,7.8,0.15,0.2530771341261451,0.007821576633499472,-0.0748490423387097,-0.050894936254421506,0.051136352093183214
2009-02-28,-0.10993119762019943,212.705,8.3,0.22,0.3642660652187324,-0.08565734305805428,0.007821576633499472,-0.06258898801491808,0.06217347275492821
2009-03-31,0.08540446199532292,212.495,8.7,0.18,-0.0987282856538485,-0.10993119762019943,-0.08565734305805428,-0.036728026227643595,0.106463907092854
2009-04-30,0.09392507914826331,212.709,9.0,0.15,0.10070825195886979,0.08540446199532292,-0.10993119762019943,0.02313278117446227,0.11531551096303733
2009-05-31,0.05308144638516654,213.022,9.4,0.18,0.14714939189219844,0.09392507914826331,0.08540446199532292,0.07747032917625092,0.021546773123014885
2009-06-30,0.00019582726560996022,214.79,9.5,0.21,0.8299612246622345,0.05308144638516654,0.09392507914826331,0.04906745093301327,0.04699337489729692
2009-07-31,0.07414172714778422,214.726,9.5,0.16,-0.029796545463012247,0.00019582726560996022,0.05308144638516654,0.04247300026618691,0.038097288278046815
2009-08-31,0.03356018886854417,215.445,9.6,0.16,0.33484533777929926,0.07414172714778422,0.00019582726560996022,0.035965914427312784,0.037031603583212794
2009-09-30,0.03572334572311964,215.861,9.8,0.15,0.19308872334005134,0.03356018886854417,0.07414172714778422,0.04780842057981601,0.02283094584103601
2009-10-31,-0.019762000526814205,216.509,10.0,0.12,0.3001931798703783,0.03572334572311964,0.03356018886854417,0.016507178021616536,0.03142864611032169
2009-11-30,0.05736406145372763,217.234,9.9,0.12,0.3348590589767664,-0.019762000526814205,0.03572334572311964,0.024441802216677688,0.039781431310001954
2009-12-31,0.017770570919338313,217.347,9.9,0.12,0.052017639964274665,0.05736406145372763,-0.019762000526814205,0.01845754394875058,0.038567619943599744
2010-01-31,-0.03697424569226215,217.488,9.8,0.11,0.06487322116246474,0.017770570919338313,0.05736406145372763,0.012720128893601265,0.0473715027446278
2010-02-28,0.028513689046546054,217.281,9.8,0.13,-0.09517766497462166,-0.03697424569226215,0.017770570919338313,0.0031033380912074047,0.03512140640997392
2010-03-31,0.058796425545497355,217.353,9.9,0.16,0.03313681361922782,0.028513689046546054,-0.03697424569226215,0.016778622966593753,0.048951907003286325
2010-04-30,0.014759230482012997,217.403,9.9,0.2,0.023004053314190642,0.058796425545497355,0.028513689046546054,0.03402311502468547,0.02252962423613165
2010-05-31,-0.08197584207319053,217.29,9.6,0.2,-0.05197720362644098,0.014759230482012997,0.058796425545497355,-0.0028067286818933925,0.07201131871892014
2010-06-30,-0.05388244223983851,217.199,9.4,0.18,-0.041879515854381655,-0.08197584207319053,0.014759230482012997,-0.04036635127700535,0.04976376293802371
2010-07-31,0.06877784957463517,217.605,9.4,0.18,0.18692535416828804,-0.05388244223983851,-0.08197584207319053,-0.022360144912797957,0.0801680129973464
2010-08-31,-0.04744918363260475,217.923,9.5,0.19,0.14613634796996067,0.06877784957463517,-0.05388244223983851,-0.01085125876593603,0.06903580864604046
2010-09-30,0.08755110305113556,218.275,9.5,0.19,0.1615249422961318,-0.04744918363260475,0.06877784957463517,0.036293256331055325,0.07312801070604645
2010-10-31,0.03685599403554063,219.035,9.4,0.19,0.348184629481163,0.08755110305113556,-0.04744918363260475,0.02565263781802381,0.06819388347993866
2010-11-30,-0.002290249746576656,219.59,9.8,0.19,0.25338416234848005,0.03685599403554063,0.08755110305113556,0.04070561578003318,0.04504422114780651
2010-12-31,0.06530004034715509,220.472,9.3,0.18,0.4016576346828282,-0.002290249746576656,0.03685599403554063,0.033288594878706355,0.03393606608457792
2011-01-31,0.022645574359139164,221.187,9.1,0.17,0.3243042200370194,0.06530004034715509,-0.002290249746576656,0.028551788319905864,0.03418002854374863
2011-02-28,0.03195656372809341,221.898,9.0,0.16,0.321447463006419,0.022645574359139164,0.06530004034715509,0.039967392811462554,0.02242723576665024
2011-03-31,-0.0010473129391664893,223.046,9.0,0.14,0.51735482068338,0.03195656372809341,0.022645574359139164,0.017851608382688695,0.01701618497503047
2011-04-30,0.028495380666536008,224.093,9.1,0.1,0.46940989750992035,-0.0010473129391664893,0.03195656372809341,0.019801543818487644,0.01813838659093723
2011-05-31,-0.01350095289522324,224.806,9.0,0.09,0.3181714734507679,0.028495380666536008,-0.0010473129391664893,0.004649038277382093,0.021569870677506358
2011-06-30,-0.018257461652479323,224.806,9.1,0.09,0.0,-0.01350095289522324,0.028495380666536008,-0.0010876779603888516,0.025729829229563992
2011-07-31,-0.02147442530666621,225.395,9.0,0.07,0.26200368317570444,-0.018257461652479323,-0.01350095289522324,-0.01774427995145626,0.004011431436248121
2011-08-31,-0.05679110795232889,226.106,9.0,0.1,0.3154462166418792,-0.02147442530666621,-0.018257461652479323,-0.03217433163715814,0.02137934683056213
2011-09-30,-0.07176198808089651,226.597,9.0,0.08,0.21715478580843772,-0.05679110795232889,-0.02147442530666621,-0.05000917377996387,0.025820645146505825
2011-10-31,0.10772303843744147,226.75,8.8,0.07,0.0675207527019328,-0.07176198808089651,-0.05679110795232889,-0.006943352531927978,0.09958573053611251
2011-11-30,-0.005058715107011391,227.169,8.6,0.08,0.18478500551268873,0.10772303843744147,-0.07176198808089651,0.010300778416511188,0.09072295308821508
2011-12-31,0.008532763666636134,227.223,8.5,0.07,0.023770849015480877,-0.005058715107011391,0.10772303843744147,0.037065695665688736,0.06156725704047033
2012-01-31,0.043583062704985354,227.842,8.3,0.08,0.27241960540966836,0.008532763666636134,-0.005058715107011391,0.015685703754870033,0.025097391320759114
2012-02-29,0.04058946376811723,228.329,8.3,0.1,0.21374461249461518,0.043583062704985354,0.008532763666636134,0.030901763379912905,0.01942986154809487
2012-03-31,0.03133231453144192,228.807,8.2,0.13,0.20934703870292282,0.04058946376811723,0.043583062704985354,0.0385016136681815,0.006386669416271893
2012-04-30,-0.007497452372495994,229.187,8.2,0.14,0.16607883500068255,0.03133231453144192,0.04058946376811723,0.02147477530902105,0.02551403899071582
2012-05-31,-0.06265072571454366,228.713,8.2,0.16,-0.2068180132381081,-0.007497452372495994,0.03133231453144192,-0.012938621185199247,0.0472271924002041
2012-06-30,0.03955498222833631,228.524,8.2,0.16,-0.08263631713106845,-0.06265072571454366,-0.007497452372495994,-0.010197731952901115,0.05115633212404494
2012-07-31,0.012597574204787909,228.59,8.2,0.16,0.02888099280600187,0.03955498222833631,-0.06265072571454366,-0.0034993897604731483,0.05297014131282369
2012-08-31,0.019763369506085704,229.918,8.1,0.13,0.580952797585188,0.012597574204787909,0.03955498222833631,0.023971975313069976,0.013962798214038412
2012-09-30,0.024236153617775313,231.015,7.8,0.14,0.47712662775423187,0.019763369506085704,0.012597574204787909,0.018865699109549643,0.0058709872929276295
2012-10-31,-0.01978940971629395,231.638,7.8,0.16,0.26967945804385884,0.024236153617775313,0.019763369506085704,0.008070037802522356,0.024230416039922004
2012-11-30,0.0028467166850427716,231.249,7.7,0.16,-0.16793444944266378,-0.01978940971629395,0.024236153617775313,0.002431153528841379,0.02201572338745959
2012-12-31,0.007068230956284616,231.221,7.9,0.16,-0.012108160467716456,0.0028467166850427716,-0.01978940971629395,-0.003291487358322187,0.014442692868119486
2013-01-31,0.050428096466868855,231.679,8.0,0.14,0.1980788942180789,0.007068230956284616,0.0028467166850427716,0.020114348036065415,0.026337194300648355
2013-02-28,0.011060648765041536,232.937,7.7,0.15,0.5429926752100966,0.050428096466868855,0.007068230956284616,0.022852325396065003,0.023964603326613966
2013-03-31,0.03598772398287298,232.282,7.5,0.14,-0.28119191025899326,0.011060648765041536,0.050428096466868855,0.03249215640492779,0.01991515074404438
2013-04-30,0.018085767779890016,231.797,7.6,0.15,-0.2087979266581219,0.03598772398287298,0.011060648765041536,0.021711380175934842,0.012852959529369982
2013-05-31,0.020762811683057825,231.893,7.5,0.11,0.041415548950163306,0.018085767779890016,0.03598772398287298,0.02494543448194027,0.009656125469445718
2013-06-30,-0.014999301595580827,232.445,7.5,0.09,0.23804082055085551,0.020762811683057825,0.018085767779890016,0.007949759289122338,0.01991949265499088
2013-07-31,0.04946207991308538,232.9,7.3,0.09,0.19574523005443378,-0.014999301595580827,0.020762811683057825,0.018408530000187457,0.0322951143082538
2013-08-31,-0.031298019479343964,233.456,7.2,0.08,0.23872906826962748,0.04946207991308538,-0.014999301595580827,0.0010549196127201954,0.042706579439502866
2013-09-30,0.029749523259195332,233.544,7.2,0.08,0.037694469193350066,-0.031298019479343964,0.04946207991308538,0.015971194564312247,0.042106177334055715
2013-10-31,0.04459575276194472,233.669,7.2,0.09,0.053523104853914205,0.029749523259195332,-0.031298019479343964,0.014349085513932028,0.040222459873961586
2013-11-30,0.028049471367328715,234.1,6.9,0.08,0.18444894273523804,0.04459575276194472,0.029749523259195332,0.03413158246282292,0.00910201566388036
2013-12-31,0.023562791975445974,234.719,6.7,0.09,0.2644169158479315,0.028049471367328715,0.04459575276194472,0.032069338701573136,0.011077719074804596
2014-01-31,-0.035582905955811595,235.288,6.6,0.07,0.24241752904536895,0.023562791975445974,0.028049471367328715,0.0053431191289876985,0.03551390178398603
2014-02-28,0.0431170301781616,235.547,6.7,0.07,0.11007786202441583,-0.035582905955811595,0.023562791975445974,0.010365638732598659,0.040976134848949144
2014-03-31,0.006932165418227054,236.028,6.7,0.08,0.204205530106516,0.0431170301781616,-0.035582905955811595,0.004822096546859019,0.03939237591024825
2014-04-30,0.006200789153414155,236.468,6.2,0.09,0.18641856050976013,0.006932165418227054,0.0431170301781616,0.018749994916600937,0.02110563984788875
2014-05-31,0.02103028007328045,236.918,6.3,0.09,0.19030059035471947,0.006200789153414155,0.006932165418227054,0.011387744881640552,0.008358683598611463
2014-06-30,0.019058331749470137,237.231,6.1,0.1,0.1321132206079767,0.02103028007328045,0.006200789153414155,0.015429800325388246,0.008053144134886912
2014-07-31,-0.015079830845342368,237.498,6.2,0.09,0.11254852864928111,0.019058331749470137,0.02103028007328045,0.008336260325802739,0.02030288500064666
2014-08-31,0.037655295579825276,237.46,6.1,0.09,-0.01600013473797013,-0.015079830845342368,0.019058331749470137,0.013877932161317682,0.026746509953436984
2014-09-30,-0.015513837249453988,237.477,5.9,0.09,0.007159100480080838,0.037655295579825276,-0.015079830845342368,0.0023538758283429737,0.03057269644212735
2014-10-31,0.023201460667203078,237.43,5.7,0.09,-0.019791390324119806,-0.015513837249453988,0.037655295579825276,0.015114306332524788,0.027491648193207097
2014-11-30,0.02453358864631494,236.983,5.8,0.09,-0.18826601524659647,0.023201460667203078,-0.015513837249453988,0.010740404021354677,0.02274659380583302
2014-12-31,-0.004188587515997044,236.252,5.6,0.12,-0.30846094445592387,0.02453358864631494,0.023201460667203078,0.014515487265840324,0.016211892280718156
2015-01-31,-0.031040805838410623,234.747,5.7,0.11,-0.6370316441765556,-0.004188587515997044,0.02453358864631494,-0.0035652682360309087,0.027792440083223416
2015-02-28,0.0548925108906233,235.342,5.5,0.11,0.25346436802173855,-0.031040805838410623,-0.004188587515997044,0.006554372512071878,0.04396239442565242
2015-03-31,-0.017396107114219572,235.976,5.4,0.11,0.26939517808124425,0.0548925108906233,-0.031040805838410623,0.0021518659793310357,0.046181448332233525
2015-04-30,0.008520819822535275,236.222,5.4,0.12,0.10424788961589382,-0.017396107114219572,0.0548925108906233,0.015339074532979668,0.03662345588874565
2015-05-31,0.010491382304589791,237.001,5.6,0.12,0.3297745341246827,0.008520819822535275,-0.017396107114219572,0.0005386983376351647,0.01556321670063213
2015-06-30,-0.021011671979729973,237.657,5.3,0.13,0.27679208104607333,0.010491382304589791,0.008520819822535275,-0.0006664899508683023,0.01764697149554459
2015-07-31,0.019742029435184882,238.034,5.2,0.13,0.15863197801873063,-0.021011671979729973,0.010491382304589791,0.0030739132533482336,0.021365396792444747
2015-08-31,-0.06258081825586559,238.033,5.1,0.14,-0.000420108051790713,0.019742029435184882,-0.021011671979729973,-0.021283486933470225,0.04116209695238803
2015-09-30,-0.026442831280001466,237.498,5.0,0.14,-0.22475875193775918,-0.06258081825586559,0.019742029435184882,-0.023093873366894058,0.04126347600867877
2015-10-31,0.08298311781266654,237.733,5.0,0.12,0.09894820166906904,-0.026442831280001466,-0.06258081825586559,-0.0020135105744001716,0.07579451598594567
2015-11-30,0.0005048691103348713,238.017,5.1,0.12,0.11946174910508756,0.08298311781266654,-0.026442831280001466,0.019015051880999983,0.0570129786396077
2015-12-31,-0.017530185032692547,237.761,5.0,0.24,-0.10755534268560574,0.0005048691103348713,0.08298311781266654,0.021985933963436288,0.05358925379810844
2016-01-31,-0.0507353220469523,237.652,4.8,0.34,-0.04584435630738959,-0.017530185032692547,0.0005048691103348713,-0.022586879323103326,0.02599167011407402
2016-02-29,-0.0041283603090035426,237.336,4.9,0.38,-0.13296753235823022,-0.0507353220469523,-0.017530185032692547,-0.024131289129549465,0.02399444002438528
2016-03-31,0.06599111444005845,238.08,5.0,0.36,0.31347962382444194,-0.0041283603090035426,-0.0507353220469523,0.0037091440280342023,0.05875657494624629
2016-04-30,0.0026993982833325436,238.992,5.1,0.37,0.38306451612901693,0.06599111444005845,-0.0041283603090035426,0.021520717471462485,0.03866350639501268
2016-05-31,0.015324602525288444,239.557,4.8,0.37,0.23640958693178504,0.0026993982833325436,0.06599111444005845,0.02800503841622648,0.03349709575924501
2016-06-30,0.0009109212401243738,240.222,4.9,0.38,0.2775957287827202,0.015324602525288444,0.0026993982833325436,0.006311640682915121,0.00785651152946283
2016-07-31,0.035609800753315435,240.101,4.8,0.39,-0.05037007434789409,0.0009109212401243738,0.015324602525288444,0.017281774839576085,0.017432038104266488
2016-08-31,-0.0012192428990193127,240.545,4.9,0.4,0.18492217858316895,0.035609800753315435,0.0009109212401243738,0.011767159698140165,0.02067578412489772
2016-09-30,-0.0012344511393173052,241.176,5.0,0.4,0.26232097944252075,-0.0012192428990193127,0.035609800753315435,0.011052035571659605,0.0212676498668907
2016-10-31,-0.01942567890903446,241.741,4.9,0.4,0.23426874979268764,-0.0012344511393173052,-0.0012192428990193127,-0.00729312431579036,0.010507103242149419
2016-11-30,0.034174521829295035,242.026,4.7,0.41,0.11789477167711837,-0.01942567890903446,-0.0012344511393173052,0.004504797260314423,0.02725710199089065
2016-12-31,0.01820076244186586,242.637,4.7,0.54,0.2524522158776188,0.034174521829295035,-0.01942567890903446,0.010983201787375477,0.027519361659534232
2017-01-31,0.01788435819838252,243.618,4.7,0.65,0.4043076694815628,0.01820076244186586,0.034174521829295035,0.02341988082318114,0.00931513581699766
2017-02-28,0.03719816006681631,244.006,4.6,0.66,0.15926573570097524,0.01788435819838252,0.01820076244186586,0.02442776023568823,0.011060622125200712
2017-03-31,-0.0003891971352694146,243.892,4.4,0.79,-0.04672016261895173,0.03719816006681631,0.01788435819838252,0.018231107043309807,0.018796077554383273
2017-04-30,0.009091208748854607,244.193,4.4,0.9,0.12341528217407749,-0.0003891971352694146,0.03719816006681631,0.0153000572268005,0.0195477544727231
2017-05-31,0.011576251246328662,244.004,4.4,0.91,-0.07739779600562935,0.009091208748854607,-0.0003891971352694146,0.006759420953304618,0.006314341967757411
2017-06-30,0.004813775207812565,244.163,4.3,1.04,0.0651628661825221,0.011576251246328662,0.009091208748854607,0.008493745067665278,0.0034205982927895053
2017-07-31,0.019348826001101882,244.243,4.3,1.15,0.03276499715354486,0.004813775207812565,0.011576251246328662,0.01191295081841437,0.007273372693754898
2017-08-31,0.000546433019853243,245.183,4.4,1.16,0.38486261632881824,0.019348826001101882,0.004813775207812565,0.008236344742922563,0.00985738211303222
2017-09-30,0.019302978562167672,246.435,4.3,1.15,0.5106389920997767,0.000546433019853243,0.019348826001101882,0.013066079194374266,0.010842355867075906
2017-10-31,0.02218813506615125,246.626,4.2,1.15,0.07750522450138408,0.019302978562167672,0.000546433019853243,0.014012515549390722,0.011750853842694038
2017-11-30,0.028082627806563343,247.284,4.2,1.16,0.2668007428251684,0.02218813506615125,0.019302978562167672,0.023191247144960753,0.004474956490921871
2017-12-31,0.009831630594270502,247.805,4.1,1.3,0.21068892447551058,0.028082627806563343,0.02218813506615125,0.0200341311556617,0.009314210886896624
2018-01-31,0.05617870412552817,248.859,4.0,1.41,0.42533443635115464,0.009831630594270502,0.028082627806563343,0.03136432084212067,0.023347161243129053
2018-02-28,-0.0389473718793677,249.529,4.1,1.42,0.26922876006090224,0.05617870412552817,0.009831630594270502,0.00902098761347699,0.04756821880787677
2018-03-31,-0.02688449860055664,249.577,4.0,1.51,0.0192362410782021,-0.0389473718793677,0.05617870412552817,-0.0032177221181320568,0.05179121369329064
2018-04-30,0.0027187749953683227,250.227,4.0,1.69,0.2604406656061986,-0.02688449860055664,-0.0389473718793677,-0.021037698494852004,0.021439583775200242
2018-05-31,0.0216083418545836,250.792,3.8,1.7,0.2257949781598212,0.0027187749953683227,-0.02688449860055664,-0.000852460583534905,0.024442875987124444
2018-06-30,0.00484243626760783,251.018,4.0,1.82,0.09011451720948305,0.0216083418545836,0.0027187749953683227,0.009723184372519919,0.010347473632722906
2018-07-31,0.03602155617289915,251.214,3.8,1.91,0.07808204989283585,0.00484243626760783,0.0216083418545836,0.02082411143169686,0.015604346911494536
2018-08-31,0.030263211276748248,251.663,3.8,1.91,0.17873207703393845,0.03602155617289915,0.00484243626760783,0.02370906790575174,0.016590719574895347
2018-09-30,0.0042942874264617625,252.182,3.7,1.95,0.2062281702117419,0.030263211276748248,0.03602155617289915,0.02352635162536972,0.016902480705474683
2018-10-31,-0.0694033560936963,252.772,3.8,2.19,0.2339580144498754,0.0042942874264617625,0.030263211276748248,-0.011615285796828764,0.05170292112600874
2018-11-30,0.01785935665477978,252.594,3.8,2.2,-0.07041919199911595,-0.0694033560936963,0.0042942874264617625,-0.015749904004151587,0.04695766675034096
2018-12-31,-0.09177689467997252,252.767,3.9,2.27,0.06848935445813442,0.01785935665477978,-0.0694033560936963,-0.04777363137296301,0.05793022221004583
2019-01-31,0.07868440166582613,252.561,4.0,2.4,-0.08149798035343991,-0.09177689467997252,0.01785935665477978,0.0015889545468777966,0.08638754468404093
2019-02-28,0.029728889343927145,253.319,3.8,2.4,0.3001255142321968,0.07868440166582613,-0.09177689467997252,0.005545465443260252,0.08776612035200179
2019-03-31,0.01792425624958849,254.277,3.8,2.41,0.37817929172307974,0.029728889343927145,0.07868440166582613,0.04211251575311392,0.032217455983244776
2019-04-30,0.03931349831373798,255.233,3.7,2.42,0.3759679404743643,0.01792425624958849,0.029728889343927145,0.028988881302417873,0.010713805483852128
2019-05-31,-0.0657777313668354,255.296,3.6,2.39,0.02468332856644384,0.03931349831373798,0.01792425624958849,-0.002846658934502977,0.0555393088463685
2019-06-30,0.0689301639982407,255.213,3.6,2.38,-0.03251128102280676,-0.0657777313668354,0.03931349831373798,0.014155310315047761,0.0707902188579408
2019-07-31,0.013128152166957952,255.802,3.7,2.4,0.23078761661827762,0.0689301639982407,-0.0657777313668354,0.005426861599454417,0.06768335597269036
2019-08-31,-0.018091627240523933,256.036,3.6,2.13,0.09147700174354512,0.013128152166957952,0.0689301639982407,0.02132222964155824,0.04408577113815295
2019-09-30,0.017181177931020697,256.43,3.5,2.04,0.1538846099767177,-0.018091627240523933,0.013128152166957952,0.004072567619151572,0.019301435303994755
2019-10-31,0.020431770513684056,257.155,3.6,1.83,0.2827282299262768,0.017181177931020697,-0.018091627240523933,0.006507107068060273,0.021365038853764357
2019-11-30,0.034047037714499906,257.879,3.6,1.55,0.281542260504386,0.020431770513684056,0.017181177931020697,0.02388666205306822,0.008947989339548754
2019-12-31,0.02858981890573009,258.63,3.6,1.55,0.29122185210892493,0.034047037714499906,0.020431770513684056,0.02768954237797135,0.006852134602241017
2020-01-31,-0.0016280928190489652,259.127,3.6,1.55,0.19216641534238743,0.02858981890573009,0.034047037714499906,0.020336254600393677,0.019216392154959336
2020-02-29,-0.08411048363840312,259.25,3.5,1.58,0.04746707213065804,-0.0016280928190489652,0.02858981890573009,-0.019049585850573997,0.058334988325793015
2020-03-31,-0.12511928240892822,258.076,4.4,0.65,-0.4528447444551498,-0.08411048363840312,-0.0016280928190489652,-0.0702859529554601,0.06289560169863727
2020-04-30,0.1268440381652789,256.032,14.8,0.05,-0.7920147553434065,-0.12511928240892822,-0.08411048363840312,-0.027461909294017484,0.1351967990010626
2020-05-31,0.04528181966555822,255.802,13.2,0.05,-0.08983252093487382,0.1268440381652789,-0.12511928240892822,0.01566885847396963,0.12856544765836608
2020-06-30,0.01838839651392421,257.042,11.0,0.08,0.4847499237691677,0.04528181966555822,0.1268440381652789,0.06350475144825378,0.05647754406460451
2020-07-31,0.055101321480443666,258.352,10.2,0.09,0.5096443382793581,0.01838839651392421,0.04528181966555822,0.0395905125533087,0.01900665534447817
2020-08-31,0.07006466690171775,259.316,8.4,0.1,0.3731343283582156,0.055101321480443666,0.01838839651392421,0.047851461632028545,0.026590027851890897
2020-09-30,-0.039227970178423055,259.997,7.8,0.09,0.2626139536318739,0.07006466690171775,0.055101321480443666,0.028646006067912788,0.059254813434565956
2020-10-31,-0.027665786221379718,260.319,6.9,0.09,0.1238475828567287,-0.039227970178423055,0.07006466690171775,0.0010569701673049936,0.060041383069560035
2020-11-30,0.10754563544385909,260.911,6.7,0.09,0.2274132890799363,-0.027665786221379718,-0.039227970178423055,0.013550626348018771,0.08160709114813164
2020-12-31,0.03712145909357001,262.045,6.7,0.09,0.4346309661148906,0.10754563544385909,-0.027665786221379718,0.03900043610534979,0.06762529151982898
2021-01-31,-0.011136660755445171,262.639,6.4,0.09,0.226678623900467,0.03712145909357001,0.10754563544385909,0.04451014459399464,0.05968514356900709
2021-02-28,0.026091451377448394,263.573,6.2,0.08,0.3556212139095738,-0.011136660755445171,0.03712145909357001,0.017358749905191078,0.025286490248612202
2021-03-31,0.042438632533165155,264.847,6.1,0.07,0.4833575517978028,0.026091451377448394,-0.011136660755445171,0.019131141051722794,0.02745746624532138
2021-04-30,0.05242532134755851,266.625,6.1,0.07,0.6713309948762847,0.042438632533165155,0.026091451377448394,0.040318468419390685,0.013294340856269344
2021-05-31,0.00548648867060697,268.404,5.8,0.06,0.6672292545710334,0.05242532134755851,0.042438632533165155,0.03345014751711021,0.024726668809841746
2021-06-30,0.022214009565834747,270.71,5.9,0.08,0.8591526206762845,0.00548648867060697,0.05242532134755851,0.026708606528000074,0.02379000955565063
2021-07-31,0.02274805482838871,271.965,5.4,0.1,0.46359572974770114,0.022214009565834747,0.00548648867060697,0.016816184354943475,0.009815437041231372
2021-08-31,0.028990416255438634,272.752,5.1,0.09,0.28937547110843287,0.02274805482838871,0.022214009565834747,0.024650826883220695,0.003767668778597758
2021-09-30,-0.047569168801901096,273.942,4.7,0.08,0.4362937760309826,0.028990416255438634,0.02274805482838871,0.0013897674273087486,0.042514407517550666
2021-10-31,0.0691438364006065,276.528,4.5,0.08,0.9439954442911347,-0.047569168801901096,0.028990416255438634,0.016855027951381347,0.059295296042922635
2021-11-30,-0.008333706184746159,278.824,4.2,0.08,0.830295666261649,0.0691438364006065,-0.047569168801901096,0.004413653804653084,0.059391521161481074
2021-12-31,0.04361291346206486,280.806,3.9,0.08,0.7108426821220482,-0.008333706184746159,0.0691438364006065,0.03480768122597507,0.03948216669985189
2022-01-31,-0.052585165027393854,282.542,4.0,0.08,0.6182204083958309,0.04361291346206486,-0.008333706184746159,-0.005768652583358384,0.04815030842320246
2022-02-28,-0.031360491945908286,284.525,3.8,0.08,0.7018425579205845,-0.052585165027393854,0.04361291346206486,-0.013444247837079093,0.05053970150773941
2022-03-31,0.03577328837154625,287.467,3.7,0.2,1.0340040418240992,-0.031360491945908286,-0.052585165027393854,-0.016057456200585296,0.04612419374937797
2022-04-30,-0.08795671180434306,288.582,3.7,0.33,0.3878706077567129,0.03577328837154625,-0.031360491945908286,-0.0278479717929017,0.061939741557826736
2022-05-31,5.317770464463578e-05,291.299,3.6,0.77,0.9415001628653163,-0.08795671180434306,0.03577328837154625,-0.017376748576050722,0.06367990250851727
2022-06-30,-0.08391999993382682,295.072,3.6,1.21,1.2952327333770608,5.317770464463578e-05,-0.08795671180434306,-0.057274511344508415,0.04968824518403426
2022-07-31,0.09111639173021002,294.94,3.5,1.68,-0.04473484437697017,-0.08391999993382682,5.317770464463578e-05,0.0024165231670092804,0.08754212502002906
2022-08-31,-0.04244012827299837,295.162,3.6,2.33,0.07526954634839989,0.09111639173021002,-0.08391999993382682,-0.01174791215887172,0.09146553284811024
2022-09-30,-0.09339567201327437,296.421,3.5,2.56,0.4265454225137466,-0.04244012827299837,0.09111639173021002,-0.01490646951868757,0.09528773368077893
2022-10-31,0.0798634138370089,297.979,3.6,3.08,0.5256037865063456,-0.09339567201327437,-0.04244012827299837,-0.01865746214975461,0.08904430983148917
2022-11-30,0.053752893352493114,298.708,3.6,3.78,0.24464811278648302,0.0798634138370089,-0.09339567201327437,0.013406878392075883,0.0934105368778524
2022-12-31,-0.05897147407473047,298.808,3.5,4.1,0.03347750980888797,0.053752893352493114,0.0798634138370089,0.024881611038257184,0.07378309245496252
2023-01-31,0.0617528578346791,300.456,3.5,4.33,0.5515247249069821,-0.05897147407473047,0.053752893352493114,0.01884475903748058,0.06750943978259295
2023-02-28,-0.02611249393181858,301.476,3.6,4.57,0.33948398434380245,0.0617528578346791,-0.05897147407473047,-0.00777703672395665,0.06241580586685826
2023-03-31,0.03505161257710898,301.643,3.5,4.65,0.05539412755906081,-0.02611249393181858,0.0617528578346791,0.023563992159989833,0.04504502278163992
2023-04-30,0.014642341662481018,302.858,3.4,4.83,0.4027940313549472,0.03505161257710898,-0.02611249393181858,0.007860486769257139,0.0311409240085041
2023-05-31,0.002482347368192972,303.316,3.6,5.06,0.15122598709624846,0.014642341662481018,0.03505161257710898,0.017392100535927657,0.016457829123513165
2023-06-30,0.06472746490423464,304.099,3.6,5.08,0.2581466193672721,0.002482347368192972,0.014642341662481018,0.02728405131163621,0.032992018450059606
2023-07-31,0.031138932355010862,304.615,3.5,5.12,0.16968158395787025,0.06472746490423464,0.002482347368192972,0.03278291487581283,0.03115510669481716
2023-08-31,-0.017716390070854016,306.138,3.7,5.33,0.49997537875678955,0.031138932355010862,0.06472746490423464,0.026050002396130496,0.04145684758737886
2023-09-30,-0.048719367465624885,307.374,3.8,5.33,0.4037394900339164,-0.017716390070854016,0.031138932355010862,-0.01176560839382268,0.04026035102289126
2023-10-31,-0.02197968873798295,307.653,3.9,5.33,0.09076890042749586,-0.048719367465624885,-0.017716390070854016,-0.029471815424820618,0.01680461613824922
2023-11-30,0.08917926878197013,308.087,3.7,5.33,0.14106802143973862,-0.02197968873798295,-0.048719367465624885,0.006160070859454099,0.07312928977084218
2023-12-31,0.04422923115636013,308.735,3.8,5.33,0.21033019893732519,0.08917926878197013,-0.02197968873798295,0.037142937066782435,0.05591726148671511
2024-01-31,0.015895707598991615,309.794,3.7,5.33,0.34301261599751776,0.04422923115636013,0.08917926878197013,0.04976806917910729,0.03695441962602727
2024-02-29,0.05172064062372317,311.022,3.9,5.33,0.3963924414288167,0.015895707598991615,0.04422923115636013,0.03728185979302497,0.018895923719196527
2024-03-31,0.031018779915342964,312.107,3.9,5.33,0.34884992058441533,0.05172064062372317,0.015895707598991615,0.03287837604601925,0.017984716563892455
2024-04-30,-0.04161507173789869,313.016,3.9,5.33,0.2912462713108077,0.031018779915342964,0.05172064062372317,0.013708116267055814,0.04901666152922859
2024-05-31,0.0480211901511991,313.14,4.0,5.33,0.03961458839163434,-0.04161507173789869,0.031018779915342964,0.012474966109547792,0.04760850380142962
2024-06-30,0.03466980128308328,313.131,4.1,5.33,-0.0028741138149102063,0.0480211901511991,-0.04161507173789869,0.013691973232127896,0.04836028136461084
2024-07-31,0.011321316887868749,313.566,4.2,5.33,0.1389194937581939,0.03466980128308328,0.0480211901511991,0.03133743610738371,0.018575485663483788
2024-08-31,0.022834706936630367,314.131,4.2,5.33,0.1801853517281904,0.011321316887868749,0.03466980128308328,0.022941941702527464,0.011674611572110733
2024-09-30,0.020196884090601275,314.851,4.1,5.13,0.22920373984103293,0.022834706936630367,0.011321316887868749,0.01811763597170013,0.006031748681659606
2024-10-31,-0.009896743303151712,315.564,4.1,4.83,0.2264563237849071,0.020196884090601275,0.022834706936630367,0.011044949241359977,0.018183932256621738
2024-11-30,0.057301295482098835,316.449,4.2,4.64,0.2804502414724075,-0.009896743303151712,0.020196884090601275,0.022533812089849465,0.033659917238479165
2024-12-31,-0.02499013704848363,317.603,4.1,4.48,0.36467171645351293,0.057301295482098835,-0.009896743303151712,0.007471471710154498,0.04380880204416901
